--creating bunch of clients
insert into client (address, city, country, email, fax, mobile, name, phone, postcode, province, ssn, vatid, version, web, business, id, contact_first_name, contact_last_name, contact_email, contact_phone, contact_fax, contact_mobile) values ('via Qualche Strada con Nome Lungo, 12', 'Nervesa della Battaglia', 'IT', '', '', '', 'The mighty company from this Young Entrepreneur', '', '42837', 'PD', '', 'IT04235756211', 1, '', 1, 6, '', '', '', '', '', '');
insert into client (address, city, country, email, fax, mobile, name, phone, postcode, province, ssn, vatid, version, web, business, id, contact_first_name, contact_last_name, contact_email, contact_phone, contact_fax, contact_mobile) values ('via Qualche Strada con Nome Lungo, 12', 'Nervesa della Battaglia', 'IT', '', '', '', 'The mighty company from this Young Entrepreneur', '', '42837', 'PD', '', 'IT04235756211', 1, '', 1, 7, '', '', '', '', '', '');
insert into client (address, city, country, email, fax, mobile, name, phone, postcode, province, ssn, vatid, version, web, business, id, contact_first_name, contact_last_name, contact_email, contact_phone, contact_fax, contact_mobile) values ('via Qualche Strada con Nome Lungo, 12', 'Nervesa della Battaglia', 'IT', '', '', '', 'The mighty company from this Young Entrepreneur', '', '42837', 'PD', '', 'IT04235756211', 1, '', 1, 8, '', '', '', '', '', '');
insert into client (address, city, country, email, fax, mobile, name, phone, postcode, province, ssn, vatid, version, web, business, id, contact_first_name, contact_last_name, contact_email, contact_phone, contact_fax, contact_mobile) values ('via Qualche Strada con Nome Lungo, 12', 'Nervesa della Battaglia', 'IT', '', '', '', 'The mighty company from this Young Entrepreneur', '', '42837', 'PD', '', 'IT04235756211', 1, '', 1, 9, '', '', '', '', '', '');
insert into client (address, city, country, email, fax, mobile, name, phone, postcode, province, ssn, vatid, version, web, business, id, contact_first_name, contact_last_name, contact_email, contact_phone, contact_fax, contact_mobile) values ('via Qualche Strada con Nome Lungo, 12', 'Nervesa della Battaglia', 'IT', '', '', '', 'The mighty company from this Young Entrepreneur', '', '42837', 'PD', '', 'IT04235756211', 1, '', 1, 10, '', '', '', '', '', '');
insert into client (address, city, country, email, fax, mobile, name, phone, postcode, province, ssn, vatid, version, web, business, id, contact_first_name, contact_last_name, contact_email, contact_phone, contact_fax, contact_mobile) values ('via Qualche Strada con Nome Lungo, 12', 'Nervesa della Battaglia', 'IT', '', '', '', 'The mighty company from this Young Entrepreneur', '', '42837', 'PD', '', 'IT04235756211', 1, '', 1, 11, '', '', '', '', '', '');
insert into client (address, city, country, email, fax, mobile, name, phone, postcode, province, ssn, vatid, version, web, business, id, contact_first_name, contact_last_name, contact_email, contact_phone, contact_fax, contact_mobile) values ('via Qualche Strada con Nome Lungo, 12', 'Nervesa della Battaglia', 'IT', '', '', '', 'The mighty company from this Young Entrepreneur', '', '42837', 'PD', '', 'IT04235756211', 1, '', 1, 12, '', '', '', '', '', '');
insert into client (address, city, country, email, fax, mobile, name, phone, postcode, province, ssn, vatid, version, web, business, id, contact_first_name, contact_last_name, contact_email, contact_phone, contact_fax, contact_mobile) values ('via Qualche Strada con Nome Lungo, 12', 'Nervesa della Battaglia', 'IT', '', '', '', 'The mighty company from this Young Entrepreneur', '', '42837', 'PD', '', 'IT04235756211', 1, '', 1, 13, '', '', '', '', '', '');
insert into client (address, city, country, email, fax, mobile, name, phone, postcode, province, ssn, vatid, version, web, business, id, contact_first_name, contact_last_name, contact_email, contact_phone, contact_fax, contact_mobile) values ('via Qualche Strada con Nome Lungo, 12', 'Nervesa della Battaglia', 'IT', '', '', '', 'The mighty company from this Young Entrepreneur', '', '42837', 'PD', '', 'IT04235756211', 1, '', 1, 14, '', '', '', '', '', '');
insert into client (address, city, country, email, fax, mobile, name, phone, postcode, province, ssn, vatid, version, web, business, id, contact_first_name, contact_last_name, contact_email, contact_phone, contact_fax, contact_mobile) values ('via Qualche Strada con Nome Lungo, 12', 'Nervesa della Battaglia', 'IT', '', '', '', 'The mighty company from this Young Entrepreneur', '', '42837', 'PD', '', 'IT04235756211', 1, '', 1, 15, '', '', '', '', '', '');
insert into client (address, city, country, email, fax, mobile, name, phone, postcode, province, ssn, vatid, version, web, business, id, contact_first_name, contact_last_name, contact_email, contact_phone, contact_fax, contact_mobile) values ('via Qualche Strada con Nome Lungo, 12', 'Nervesa della Battaglia', 'IT', '', '', '', 'The mighty company from this Young Entrepreneur', '', '42837', 'PD', '', 'IT04235756211', 1, '', 1, 16, '', '', '', '', '', '');
insert into client (address, city, country, email, fax, mobile, name, phone, postcode, province, ssn, vatid, version, web, business, id, contact_first_name, contact_last_name, contact_email, contact_phone, contact_fax, contact_mobile) values ('via Qualche Strada con Nome Lungo, 12', 'Nervesa della Battaglia', 'IT', '', '', '', 'The mighty company from this Young Entrepreneur', '', '42837', 'PD', '', 'IT04235756211', 1, '', 1, 17, '', '', '', '', '', '');
insert into client (address, city, country, email, fax, mobile, name, phone, postcode, province, ssn, vatid, version, web, business, id, contact_first_name, contact_last_name, contact_email, contact_phone, contact_fax, contact_mobile) values ('via Qualche Strada con Nome Lungo, 12', 'Nervesa della Battaglia', 'IT', '', '', '', 'The mighty company from this Young Entrepreneur', '', '42837', 'PD', '', 'IT04235756211', 1, '', 1, 18, '', '', '', '', '', '');
insert into client (address, city, country, email, fax, mobile, name, phone, postcode, province, ssn, vatid, version, web, business, id, contact_first_name, contact_last_name, contact_email, contact_phone, contact_fax, contact_mobile) values ('via Qualche Strada con Nome Lungo, 12', 'Nervesa della Battaglia', 'IT', '', '', '', 'The mighty company from this Young Entrepreneur', '', '42837', 'PD', '', 'IT04235756211', 1, '', 1, 19, '', '', '', '', '', '');
insert into client (address, city, country, email, fax, mobile, name, phone, postcode, province, ssn, vatid, version, web, business, id, contact_first_name, contact_last_name, contact_email, contact_phone, contact_fax, contact_mobile) values ('via Qualche Strada con Nome Lungo, 12', 'Nervesa della Battaglia', 'IT', '', '', '', 'The mighty company from this Young Entrepreneur', '', '42837', 'PD', '', 'IT04235756211', 1, '', 1, 20, '', '', '', '', '', '');
insert into client (address, city, country, email, fax, mobile, name, phone, postcode, province, ssn, vatid, version, web, business, id, contact_first_name, contact_last_name, contact_email, contact_phone, contact_fax, contact_mobile) values ('via Qualche Strada con Nome Lungo, 12', 'Nervesa della Battaglia', 'IT', '', '', '', 'The mighty company from this Young Entrepreneur', '', '42837', 'PD', '', 'IT04235756211', 1, '', 1, 21, '', '', '', '', '', '');
insert into client (address, city, country, email, fax, mobile, name, phone, postcode, province, ssn, vatid, version, web, business, id, contact_first_name, contact_last_name, contact_email, contact_phone, contact_fax, contact_mobile) values ('via Qualche Strada con Nome Lungo, 12', 'Nervesa della Battaglia', 'IT', '', '', '', 'The mighty company from this Young Entrepreneur', '', '42837', 'PD', '', 'IT04235756211', 1, '', 1, 22, '', '', '', '', '', '');
insert into client (address, city, country, email, fax, mobile, name, phone, postcode, province, ssn, vatid, version, web, business, id, contact_first_name, contact_last_name, contact_email, contact_phone, contact_fax, contact_mobile) values ('via Qualche Strada con Nome Lungo, 12', 'Nervesa della Battaglia', 'IT', '', '', '', 'The mighty company from this Young Entrepreneur', '', '42837', 'PD', '', 'IT04235756211', 1, '', 1, 23, '', '', '', '', '', '');
insert into client (address, city, country, email, fax, mobile, name, phone, postcode, province, ssn, vatid, version, web, business, id, contact_first_name, contact_last_name, contact_email, contact_phone, contact_fax, contact_mobile) values ('via Qualche Strada con Nome Lungo, 12', 'Nervesa della Battaglia', 'IT', '', '', '', 'The mighty company from this Young Entrepreneur', '', '42837', 'PD', '', 'IT04235756211', 1, '', 1, 24, '', '', '', '', '', '');
insert into client (address, city, country, email, fax, mobile, name, phone, postcode, province, ssn, vatid, version, web, business, id, contact_first_name, contact_last_name, contact_email, contact_phone, contact_fax, contact_mobile) values ('via Qualche Strada con Nome Lungo, 12', 'Nervesa della Battaglia', 'IT', '', '', '', 'The mighty company from this Young Entrepreneur', '', '42837', 'PD', '', 'IT04235756211', 1, '', 1, 25, '', '', '', '', '', '');
insert into client (address, city, country, email, fax, mobile, name, phone, postcode, province, ssn, vatid, version, web, business, id, contact_first_name, contact_last_name, contact_email, contact_phone, contact_fax, contact_mobile) values ('via Qualche Strada con Nome Lungo, 12', 'Nervesa della Battaglia', 'IT', '', '', '', 'The mighty company from this Young Entrepreneur', '', '42837', 'PD', '', 'IT04235756211', 1, '', 1, 26, '', '', '', '', '', '');
insert into client (address, city, country, email, fax, mobile, name, phone, postcode, province, ssn, vatid, version, web, business, id, contact_first_name, contact_last_name, contact_email, contact_phone, contact_fax, contact_mobile) values ('via Qualche Strada con Nome Lungo, 12', 'Nervesa della Battaglia', 'IT', '', '', '', 'The mighty company from this Young Entrepreneur', '', '42837', 'PD', '', 'IT04235756211', 1, '', 1, 27, '', '', '', '', '', '');
insert into client (address, city, country, email, fax, mobile, name, phone, postcode, province, ssn, vatid, version, web, business, id, contact_first_name, contact_last_name, contact_email, contact_phone, contact_fax, contact_mobile) values ('via Qualche Strada con Nome Lungo, 12', 'Nervesa della Battaglia', 'IT', '', '', '', 'The mighty company from this Young Entrepreneur', '', '42837', 'PD', '', 'IT04235756211', 1, '', 1, 28, '', '', '', '', '', '');
insert into client (address, city, country, email, fax, mobile, name, phone, postcode, province, ssn, vatid, version, web, business, id, contact_first_name, contact_last_name, contact_email, contact_phone, contact_fax, contact_mobile) values ('via Qualche Strada con Nome Lungo, 12', 'Nervesa della Battaglia', 'IT', '', '', '', 'The mighty company from this Young Entrepreneur', '', '42837', 'PD', '', 'IT04235756211', 1, '', 1, 29, '', '', '', '', '', '');
insert into client (address, city, country, email, fax, mobile, name, phone, postcode, province, ssn, vatid, version, web, business, id, contact_first_name, contact_last_name, contact_email, contact_phone, contact_fax, contact_mobile) values ('via Qualche Strada con Nome Lungo, 12', 'Nervesa della Battaglia', 'IT', '', '', '', 'The mighty company from this Young Entrepreneur', '', '42837', 'PD', '', 'IT04235756211', 1, '', 1, 30, '', '', '', '', '', '');

--creating invoice with many items
insert into accounting_document (id, accounting_document_date, accounting_document_year, documentid, note, payment_note, total, total_before_tax, total_tax, version) values (31, '2013-10-20', 2013, 1, '', '', 6050.0, 5000.0, 1050.0, 1);
insert into abstract_invoice (payed, payment_due_date, id) values ('f', '2013-11-20', 31);
insert into invoice (id, payment_date_generator, payment_type_name, business, client) values (31, 0, 'default', 1, 3);
insert into accounting_document_item (id, description, price, quantity, tax, total, total_before_tax, total_tax, unit_of_measure, version, accounting_document) values (32, 'description', 100.0, 1.0, 21.0, 121.0, 100.0, 21.0, 'piece', 1, 31);
insert into accounting_document_item (id, description, price, quantity, tax, total, total_before_tax, total_tax, unit_of_measure, version, accounting_document) values (33, 'description', 100.0, 1.0, 21.0, 121.0, 100.0, 21.0, 'piece', 1, 31);
insert into accounting_document_item (id, description, price, quantity, tax, total, total_before_tax, total_tax, unit_of_measure, version, accounting_document) values (34, 'description', 100.0, 1.0, 21.0, 121.0, 100.0, 21.0, 'piece', 1, 31);
insert into accounting_document_item (id, description, price, quantity, tax, total, total_before_tax, total_tax, unit_of_measure, version, accounting_document) values (35, 'description', 100.0, 1.0, 21.0, 121.0, 100.0, 21.0, 'piece', 1, 31);
insert into accounting_document_item (id, description, price, quantity, tax, total, total_before_tax, total_tax, unit_of_measure, version, accounting_document) values (36, 'description', 100.0, 1.0, 21.0, 121.0, 100.0, 21.0, 'piece', 1, 31);
insert into accounting_document_item (id, description, price, quantity, tax, total, total_before_tax, total_tax, unit_of_measure, version, accounting_document) values (37, 'description', 100.0, 1.0, 21.0, 121.0, 100.0, 21.0, 'piece', 1, 31);
insert into accounting_document_item (id, description, price, quantity, tax, total, total_before_tax, total_tax, unit_of_measure, version, accounting_document) values (38, 'description', 100.0, 1.0, 21.0, 121.0, 100.0, 21.0, 'piece', 1, 31);
insert into accounting_document_item (id, description, price, quantity, tax, total, total_before_tax, total_tax, unit_of_measure, version, accounting_document) values (39, 'description', 100.0, 1.0, 21.0, 121.0, 100.0, 21.0, 'piece', 1, 31);
insert into accounting_document_item (id, description, price, quantity, tax, total, total_before_tax, total_tax, unit_of_measure, version, accounting_document) values (40, 'description', 100.0, 1.0, 21.0, 121.0, 100.0, 21.0, 'piece', 1, 31);
insert into accounting_document_item (id, description, price, quantity, tax, total, total_before_tax, total_tax, unit_of_measure, version, accounting_document) values (41, 'description', 100.0, 1.0, 21.0, 121.0, 100.0, 21.0, 'piece', 1, 31);
insert into accounting_document_item (id, description, price, quantity, tax, total, total_before_tax, total_tax, unit_of_measure, version, accounting_document) values (42, 'description', 100.0, 1.0, 21.0, 121.0, 100.0, 21.0, 'piece', 1, 31);
insert into accounting_document_item (id, description, price, quantity, tax, total, total_before_tax, total_tax, unit_of_measure, version, accounting_document) values (43, 'description', 100.0, 1.0, 21.0, 121.0, 100.0, 21.0, 'piece', 1, 31);
insert into accounting_document_item (id, description, price, quantity, tax, total, total_before_tax, total_tax, unit_of_measure, version, accounting_document) values (44, 'description', 100.0, 1.0, 21.0, 121.0, 100.0, 21.0, 'piece', 1, 31);
insert into accounting_document_item (id, description, price, quantity, tax, total, total_before_tax, total_tax, unit_of_measure, version, accounting_document) values (45, 'description', 100.0, 1.0, 21.0, 121.0, 100.0, 21.0, 'piece', 1, 31);
insert into accounting_document_item (id, description, price, quantity, tax, total, total_before_tax, total_tax, unit_of_measure, version, accounting_document) values (46, 'description', 100.0, 1.0, 21.0, 121.0, 100.0, 21.0, 'piece', 1, 31);
insert into accounting_document_item (id, description, price, quantity, tax, total, total_before_tax, total_tax, unit_of_measure, version, accounting_document) values (47, 'description', 100.0, 1.0, 21.0, 121.0, 100.0, 21.0, 'piece', 1, 31);
insert into accounting_document_item (id, description, price, quantity, tax, total, total_before_tax, total_tax, unit_of_measure, version, accounting_document) values (48, 'description', 100.0, 1.0, 21.0, 121.0, 100.0, 21.0, 'piece', 1, 31);
insert into accounting_document_item (id, description, price, quantity, tax, total, total_before_tax, total_tax, unit_of_measure, version, accounting_document) values (49, 'description', 100.0, 1.0, 21.0, 121.0, 100.0, 21.0, 'piece', 1, 31);
insert into accounting_document_item (id, description, price, quantity, tax, total, total_before_tax, total_tax, unit_of_measure, version, accounting_document) values (50, 'description', 100.0, 1.0, 21.0, 121.0, 100.0, 21.0, 'piece', 1, 31);
insert into accounting_document_item (id, description, price, quantity, tax, total, total_before_tax, total_tax, unit_of_measure, version, accounting_document) values (51, 'description', 100.0, 1.0, 21.0, 121.0, 100.0, 21.0, 'piece', 1, 31);
insert into accounting_document_item (id, description, price, quantity, tax, total, total_before_tax, total_tax, unit_of_measure, version, accounting_document) values (52, 'description', 100.0, 1.0, 21.0, 121.0, 100.0, 21.0, 'piece', 1, 31);
insert into accounting_document_item (id, description, price, quantity, tax, total, total_before_tax, total_tax, unit_of_measure, version, accounting_document) values (53, 'description', 100.0, 1.0, 21.0, 121.0, 100.0, 21.0, 'piece', 1, 31);
insert into accounting_document_item (id, description, price, quantity, tax, total, total_before_tax, total_tax, unit_of_measure, version, accounting_document) values (54, 'description', 100.0, 1.0, 21.0, 121.0, 100.0, 21.0, 'piece', 1, 31);
insert into accounting_document_item (id, description, price, quantity, tax, total, total_before_tax, total_tax, unit_of_measure, version, accounting_document) values (55, 'description', 100.0, 1.0, 21.0, 121.0, 100.0, 21.0, 'piece', 1, 31);
insert into accounting_document_item (id, description, price, quantity, tax, total, total_before_tax, total_tax, unit_of_measure, version, accounting_document) values (56, 'description', 100.0, 1.0, 21.0, 121.0, 100.0, 21.0, 'piece', 1, 31);
insert into accounting_document_item (id, description, price, quantity, tax, total, total_before_tax, total_tax, unit_of_measure, version, accounting_document) values (57, 'description', 100.0, 1.0, 21.0, 121.0, 100.0, 21.0, 'piece', 1, 31);
insert into accounting_document_item (id, description, price, quantity, tax, total, total_before_tax, total_tax, unit_of_measure, version, accounting_document) values (58, 'description', 100.0, 1.0, 21.0, 121.0, 100.0, 21.0, 'piece', 1, 31);
insert into accounting_document_item (id, description, price, quantity, tax, total, total_before_tax, total_tax, unit_of_measure, version, accounting_document) values (59, 'description', 100.0, 1.0, 21.0, 121.0, 100.0, 21.0, 'piece', 1, 31);
insert into accounting_document_item (id, description, price, quantity, tax, total, total_before_tax, total_tax, unit_of_measure, version, accounting_document) values (60, 'description', 100.0, 1.0, 21.0, 121.0, 100.0, 21.0, 'piece', 1, 31);
insert into accounting_document_item (id, description, price, quantity, tax, total, total_before_tax, total_tax, unit_of_measure, version, accounting_document) values (61, 'description', 100.0, 1.0, 21.0, 121.0, 100.0, 21.0, 'piece', 1, 31);
insert into accounting_document_item (id, description, price, quantity, tax, total, total_before_tax, total_tax, unit_of_measure, version, accounting_document) values (62, 'description', 100.0, 1.0, 21.0, 121.0, 100.0, 21.0, 'piece', 1, 31);
insert into accounting_document_item (id, description, price, quantity, tax, total, total_before_tax, total_tax, unit_of_measure, version, accounting_document) values (63, 'description', 100.0, 1.0, 21.0, 121.0, 100.0, 21.0, 'piece', 1, 31);
insert into accounting_document_item (id, description, price, quantity, tax, total, total_before_tax, total_tax, unit_of_measure, version, accounting_document) values (64, 'description', 100.0, 1.0, 21.0, 121.0, 100.0, 21.0, 'piece', 1, 31);
insert into accounting_document_item (id, description, price, quantity, tax, total, total_before_tax, total_tax, unit_of_measure, version, accounting_document) values (65, 'description', 100.0, 1.0, 21.0, 121.0, 100.0, 21.0, 'piece', 1, 31);
insert into accounting_document_item (id, description, price, quantity, tax, total, total_before_tax, total_tax, unit_of_measure, version, accounting_document) values (66, 'description', 100.0, 1.0, 21.0, 121.0, 100.0, 21.0, 'piece', 1, 31);
insert into accounting_document_item (id, description, price, quantity, tax, total, total_before_tax, total_tax, unit_of_measure, version, accounting_document) values (67, 'description', 100.0, 1.0, 21.0, 121.0, 100.0, 21.0, 'piece', 1, 31);
insert into accounting_document_item (id, description, price, quantity, tax, total, total_before_tax, total_tax, unit_of_measure, version, accounting_document) values (68, 'description', 100.0, 1.0, 21.0, 121.0, 100.0, 21.0, 'piece', 1, 31);
insert into accounting_document_item (id, description, price, quantity, tax, total, total_before_tax, total_tax, unit_of_measure, version, accounting_document) values (69, 'description', 100.0, 1.0, 21.0, 121.0, 100.0, 21.0, 'piece', 1, 31);
insert into accounting_document_item (id, description, price, quantity, tax, total, total_before_tax, total_tax, unit_of_measure, version, accounting_document) values (70, 'description', 100.0, 1.0, 21.0, 121.0, 100.0, 21.0, 'piece', 1, 31);
insert into accounting_document_item (id, description, price, quantity, tax, total, total_before_tax, total_tax, unit_of_measure, version, accounting_document) values (71, 'description', 100.0, 1.0, 21.0, 121.0, 100.0, 21.0, 'piece', 1, 31);
insert into accounting_document_item (id, description, price, quantity, tax, total, total_before_tax, total_tax, unit_of_measure, version, accounting_document) values (72, 'description', 100.0, 1.0, 21.0, 121.0, 100.0, 21.0, 'piece', 1, 31);
insert into accounting_document_item (id, description, price, quantity, tax, total, total_before_tax, total_tax, unit_of_measure, version, accounting_document) values (73, 'description', 100.0, 1.0, 21.0, 121.0, 100.0, 21.0, 'piece', 1, 31);
insert into accounting_document_item (id, description, price, quantity, tax, total, total_before_tax, total_tax, unit_of_measure, version, accounting_document) values (74, 'description', 100.0, 1.0, 21.0, 121.0, 100.0, 21.0, 'piece', 1, 31);
insert into accounting_document_item (id, description, price, quantity, tax, total, total_before_tax, total_tax, unit_of_measure, version, accounting_document) values (75, 'description', 100.0, 1.0, 21.0, 121.0, 100.0, 21.0, 'piece', 1, 31);
insert into accounting_document_item (id, description, price, quantity, tax, total, total_before_tax, total_tax, unit_of_measure, version, accounting_document) values (76, 'description', 100.0, 1.0, 21.0, 121.0, 100.0, 21.0, 'piece', 1, 31);
insert into accounting_document_item (id, description, price, quantity, tax, total, total_before_tax, total_tax, unit_of_measure, version, accounting_document) values (77, 'description', 100.0, 1.0, 21.0, 121.0, 100.0, 21.0, 'piece', 1, 31);
insert into accounting_document_item (id, description, price, quantity, tax, total, total_before_tax, total_tax, unit_of_measure, version, accounting_document) values (78, 'description', 100.0, 1.0, 21.0, 121.0, 100.0, 21.0, 'piece', 1, 31);
insert into accounting_document_item (id, description, price, quantity, tax, total, total_before_tax, total_tax, unit_of_measure, version, accounting_document) values (79, 'description', 100.0, 1.0, 21.0, 121.0, 100.0, 21.0, 'piece', 1, 31);
insert into accounting_document_item (id, description, price, quantity, tax, total, total_before_tax, total_tax, unit_of_measure, version, accounting_document) values (80, 'description', 100.0, 1.0, 21.0, 121.0, 100.0, 21.0, 'piece', 1, 31);
insert into accounting_document_item (id, description, price, quantity, tax, total, total_before_tax, total_tax, unit_of_measure, version, accounting_document) values (81, 'description', 100.0, 1.0, 21.0, 121.0, 100.0, 21.0, 'piece', 1, 31);

-- creating many invoices
insert into accounting_document (id, accounting_document_date, accounting_document_year, documentid, note, payment_note, total, total_before_tax, total_tax, version) values (82, '2013-10-20', 2013, 3, '', '', 121.0, 100.0, 21.0, 1);
insert into abstract_invoice (payed, payment_due_date, id) values ('f', '2013-11-20', 82);
insert into invoice (id, payment_date_generator, payment_type_name, business, client) values (82, 0, 'default', 1, 3);
insert into accounting_document_item (id, description, price, quantity, tax, total, total_before_tax, total_tax, unit_of_measure, version, accounting_document) values (83, 'description', 100.0, 1.0, 21.0, 121.0, 100.0, 21.0, 'piece', 1, 82);

insert into accounting_document (id, accounting_document_date, accounting_document_year, documentid, note, payment_note, total, total_before_tax, total_tax, version) values (84, '2013-10-20', 2013, 4, '', '', 121.0, 100.0, 21.0, 1);
insert into abstract_invoice (payed, payment_due_date, id) values ('f', '2013-11-20', 84);
insert into invoice (id, payment_date_generator, payment_type_name, business, client) values (84, 0, 'default', 1, 3);
insert into accounting_document_item (id, description, price, quantity, tax, total, total_before_tax, total_tax, unit_of_measure, version, accounting_document) values (85, 'description', 100.0, 1.0, 21.0, 121.0, 100.0, 21.0, 'piece', 1, 84);

insert into accounting_document (id, accounting_document_date, accounting_document_year, documentid, note, payment_note, total, total_before_tax, total_tax, version) values (86, '2013-10-20', 2013, 5, '', '', 121.0, 100.0, 21.0, 1);
insert into abstract_invoice (payed, payment_due_date, id) values ('f', '2013-11-20', 86);
insert into invoice (id, payment_date_generator, payment_type_name, business, client) values (86, 0, 'default', 1, 3);
insert into accounting_document_item (id, description, price, quantity, tax, total, total_before_tax, total_tax, unit_of_measure, version, accounting_document) values (87, 'description', 100.0, 1.0, 21.0, 121.0, 100.0, 21.0, 'piece', 1, 86);

insert into accounting_document (id, accounting_document_date, accounting_document_year, documentid, note, payment_note, total, total_before_tax, total_tax, version) values (88, '2013-10-20', 2013, 6, '', '', 121.0, 100.0, 21.0, 1);
insert into abstract_invoice (payed, payment_due_date, id) values ('f', '2013-11-20', 88);
insert into invoice (id, payment_date_generator, payment_type_name, business, client) values (88, 0, 'default', 1, 3);
insert into accounting_document_item (id, description, price, quantity, tax, total, total_before_tax, total_tax, unit_of_measure, version, accounting_document) values (89, 'description', 100.0, 1.0, 21.0, 121.0, 100.0, 21.0, 'piece', 1, 88);

insert into accounting_document (id, accounting_document_date, accounting_document_year, documentid, note, payment_note, total, total_before_tax, total_tax, version) values (90, '2013-10-20', 2013, 7, '', '', 121.0, 100.0, 21.0, 1);
insert into abstract_invoice (payed, payment_due_date, id) values ('f', '2013-11-20', 90);
insert into invoice (id, payment_date_generator, payment_type_name, business, client) values (90, 0, 'default', 1, 3);
insert into accounting_document_item (id, description, price, quantity, tax, total, total_before_tax, total_tax, unit_of_measure, version, accounting_document) values (91, 'description', 100.0, 1.0, 21.0, 121.0, 100.0, 21.0, 'piece', 1, 90);

insert into accounting_document (id, accounting_document_date, accounting_document_year, documentid, note, payment_note, total, total_before_tax, total_tax, version) values (92, '2013-10-20', 2013, 8, '', '', 121.0, 100.0, 21.0, 1);
insert into abstract_invoice (payed, payment_due_date, id) values ('f', '2013-11-20', 92);
insert into invoice (id, payment_date_generator, payment_type_name, business, client) values (92, 0, 'default', 1, 3);
insert into accounting_document_item (id, description, price, quantity, tax, total, total_before_tax, total_tax, unit_of_measure, version, accounting_document) values (93, 'description', 100.0, 1.0, 21.0, 121.0, 100.0, 21.0, 'piece', 1, 92);

insert into accounting_document (id, accounting_document_date, accounting_document_year, documentid, note, payment_note, total, total_before_tax, total_tax, version) values (94, '2013-10-20', 2013, 9, '', '', 121.0, 100.0, 21.0, 1);
insert into abstract_invoice (payed, payment_due_date, id) values ('f', '2013-11-20', 94);
insert into invoice (id, payment_date_generator, payment_type_name, business, client) values (94, 0, 'default', 1, 3);
insert into accounting_document_item (id, description, price, quantity, tax, total, total_before_tax, total_tax, unit_of_measure, version, accounting_document) values (95, 'description', 100.0, 1.0, 21.0, 121.0, 100.0, 21.0, 'piece', 1, 94);

insert into accounting_document (id, accounting_document_date, accounting_document_year, documentid, note, payment_note, total, total_before_tax, total_tax, version) values (96, '2013-10-20', 2013, 10, '', '', 121.0, 100.0, 21.0, 1);
insert into abstract_invoice (payed, payment_due_date, id) values ('f', '2013-11-20', 96);
insert into invoice (id, payment_date_generator, payment_type_name, business, client) values (96, 0, 'default', 1, 3);
insert into accounting_document_item (id, description, price, quantity, tax, total, total_before_tax, total_tax, unit_of_measure, version, accounting_document) values (97, 'description', 100.0, 1.0, 21.0, 121.0, 100.0, 21.0, 'piece', 1, 96);

insert into accounting_document (id, accounting_document_date, accounting_document_year, documentid, note, payment_note, total, total_before_tax, total_tax, version) values (98, '2013-10-20', 2013, 11, '', '', 121.0, 100.0, 21.0, 1);
insert into abstract_invoice (payed, payment_due_date, id) values ('f', '2013-11-20', 98);
insert into invoice (id, payment_date_generator, payment_type_name, business, client) values (98, 0, 'default', 1, 3);
insert into accounting_document_item (id, description, price, quantity, tax, total, total_before_tax, total_tax, unit_of_measure, version, accounting_document) values (99, 'description', 100.0, 1.0, 21.0, 121.0, 100.0, 21.0, 'piece', 1, 98);

insert into accounting_document (id, accounting_document_date, accounting_document_year, documentid, note, payment_note, total, total_before_tax, total_tax, version) values (100, '2013-10-20', 2013, 12, '', '', 121.0, 100.0, 21.0, 1);
insert into abstract_invoice (payed, payment_due_date, id) values ('f', '2013-11-20', 100);
insert into invoice (id, payment_date_generator, payment_type_name, business, client) values (100, 0, 'default', 1, 3);
insert into accounting_document_item (id, description, price, quantity, tax, total, total_before_tax, total_tax, unit_of_measure, version, accounting_document) values (101, 'description', 100.0, 1.0, 21.0, 121.0, 100.0, 21.0, 'piece', 1, 100);

insert into accounting_document (id, accounting_document_date, accounting_document_year, documentid, note, payment_note, total, total_before_tax, total_tax, version) values (102, '2013-10-20', 2013, 13, '', '', 121.0, 100.0, 21.0, 1);
insert into abstract_invoice (payed, payment_due_date, id) values ('f', '2013-11-20', 102);
insert into invoice (id, payment_date_generator, payment_type_name, business, client) values (102, 0, 'default', 1, 3);
insert into accounting_document_item (id, description, price, quantity, tax, total, total_before_tax, total_tax, unit_of_measure, version, accounting_document) values (103, 'description', 100.0, 1.0, 21.0, 121.0, 100.0, 21.0, 'piece', 1, 102);

insert into accounting_document (id, accounting_document_date, accounting_document_year, documentid, note, payment_note, total, total_before_tax, total_tax, version) values (104, '2013-10-20', 2013, 14, '', '', 121.0, 100.0, 21.0, 1);
insert into abstract_invoice (payed, payment_due_date, id) values ('f', '2013-11-20', 104);
insert into invoice (id, payment_date_generator, payment_type_name, business, client) values (104, 0, 'default', 1, 3);
insert into accounting_document_item (id, description, price, quantity, tax, total, total_before_tax, total_tax, unit_of_measure, version, accounting_document) values (105, 'description', 100.0, 1.0, 21.0, 121.0, 100.0, 21.0, 'piece', 1, 104);

insert into accounting_document (id, accounting_document_date, accounting_document_year, documentid, note, payment_note, total, total_before_tax, total_tax, version) values (106, '2013-10-20', 2013, 15, '', '', 121.0, 100.0, 21.0, 1);
insert into abstract_invoice (payed, payment_due_date, id) values ('f', '2013-11-20', 106);
insert into invoice (id, payment_date_generator, payment_type_name, business, client) values (106, 0, 'default', 1, 3);
insert into accounting_document_item (id, description, price, quantity, tax, total, total_before_tax, total_tax, unit_of_measure, version, accounting_document) values (107, 'description', 100.0, 1.0, 21.0, 121.0, 100.0, 21.0, 'piece', 1, 106);

insert into accounting_document (id, accounting_document_date, accounting_document_year, documentid, note, payment_note, total, total_before_tax, total_tax, version) values (108, '2013-10-20', 2013, 16, '', '', 121.0, 100.0, 21.0, 1);
insert into abstract_invoice (payed, payment_due_date, id) values ('f', '2013-11-20', 108);
insert into invoice (id, payment_date_generator, payment_type_name, business, client) values (108, 0, 'default', 1, 3);
insert into accounting_document_item (id, description, price, quantity, tax, total, total_before_tax, total_tax, unit_of_measure, version, accounting_document) values (109, 'description', 100.0, 1.0, 21.0, 121.0, 100.0, 21.0, 'piece', 1, 108);

insert into accounting_document (id, accounting_document_date, accounting_document_year, documentid, note, payment_note, total, total_before_tax, total_tax, version) values (110, '2013-10-20', 2013, 17, '', '', 121.0, 100.0, 21.0, 1);
insert into abstract_invoice (payed, payment_due_date, id) values ('f', '2013-11-20', 110);
insert into invoice (id, payment_date_generator, payment_type_name, business, client) values (110, 0, 'default', 1, 3);
insert into accounting_document_item (id, description, price, quantity, tax, total, total_before_tax, total_tax, unit_of_measure, version, accounting_document) values (111, 'description', 100.0, 1.0, 21.0, 121.0, 100.0, 21.0, 'piece', 1, 110);

insert into accounting_document (id, accounting_document_date, accounting_document_year, documentid, note, payment_note, total, total_before_tax, total_tax, version) values (112, '2013-10-20', 2013, 18, '', '', 121.0, 100.0, 21.0, 1);
insert into abstract_invoice (payed, payment_due_date, id) values ('f', '2013-11-20', 112);
insert into invoice (id, payment_date_generator, payment_type_name, business, client) values (112, 0, 'default', 1, 3);
insert into accounting_document_item (id, description, price, quantity, tax, total, total_before_tax, total_tax, unit_of_measure, version, accounting_document) values (113, 'description', 100.0, 1.0, 21.0, 121.0, 100.0, 21.0, 'piece', 1, 112);

insert into accounting_document (id, accounting_document_date, accounting_document_year, documentid, note, payment_note, total, total_before_tax, total_tax, version) values (114, '2013-10-20', 2013, 19, '', '', 121.0, 100.0, 21.0, 1);
insert into abstract_invoice (payed, payment_due_date, id) values ('f', '2013-11-20', 114);
insert into invoice (id, payment_date_generator, payment_type_name, business, client) values (114, 0, 'default', 1, 3);
insert into accounting_document_item (id, description, price, quantity, tax, total, total_before_tax, total_tax, unit_of_measure, version, accounting_document) values (115, 'description', 100.0, 1.0, 21.0, 121.0, 100.0, 21.0, 'piece', 1, 114);

insert into accounting_document (id, accounting_document_date, accounting_document_year, documentid, note, payment_note, total, total_before_tax, total_tax, version) values (116, '2013-10-20', 2013, 20, '', '', 121.0, 100.0, 21.0, 1);
insert into abstract_invoice (payed, payment_due_date, id) values ('f', '2013-11-20', 116);
insert into invoice (id, payment_date_generator, payment_type_name, business, client) values (116, 0, 'default', 1, 3);
insert into accounting_document_item (id, description, price, quantity, tax, total, total_before_tax, total_tax, unit_of_measure, version, accounting_document) values (117, 'description', 100.0, 1.0, 21.0, 121.0, 100.0, 21.0, 'piece', 1, 116);


insert into accounting_document (id, accounting_document_date, accounting_document_year, documentid, note, payment_note, total, total_before_tax, total_tax, version) values (118, '2013-10-20', 2013, 21, '', '', 121.0, 100.0, 21.0, 1);
insert into abstract_invoice (payed, payment_due_date, id) values ('f', '2013-11-20', 118);
insert into invoice (id, payment_date_generator, payment_type_name, business, client) values (118, 0, 'default', 1, 3);
insert into accounting_document_item (id, description, price, quantity, tax, total, total_before_tax, total_tax, unit_of_measure, version, accounting_document) values (119, 'description', 100.0, 1.0, 21.0, 121.0, 100.0, 21.0, 'piece', 1, 118);

insert into accounting_document (id, accounting_document_date, accounting_document_year, documentid, note, payment_note, total, total_before_tax, total_tax, version) values (120, '2013-10-20', 2013, 22, '', '', 121.0, 100.0, 21.0, 1);
insert into abstract_invoice (payed, payment_due_date, id) values ('f', '2013-11-20', 120);
insert into invoice (id, payment_date_generator, payment_type_name, business, client) values (120, 0, 'default', 1, 3);
insert into accounting_document_item (id, description, price, quantity, tax, total, total_before_tax, total_tax, unit_of_measure, version, accounting_document) values (121, 'description', 100.0, 1.0, 21.0, 121.0, 100.0, 21.0, 'piece', 1, 120);

insert into accounting_document (id, accounting_document_date, accounting_document_year, documentid, note, payment_note, total, total_before_tax, total_tax, version) values (122, '2013-10-20', 2013, 23, '', '', 121.0, 100.0, 21.0, 1);
insert into abstract_invoice (payed, payment_due_date, id) values ('f', '2013-11-20', 122);
insert into invoice (id, payment_date_generator, payment_type_name, business, client) values (122, 0, 'default', 1, 3);
insert into accounting_document_item (id, description, price, quantity, tax, total, total_before_tax, total_tax, unit_of_measure, version, accounting_document) values (123, 'description', 100.0, 1.0, 21.0, 121.0, 100.0, 21.0, 'piece', 1, 122);

insert into accounting_document (id, accounting_document_date, accounting_document_year, documentid, note, payment_note, total, total_before_tax, total_tax, version) values (124, '2013-10-20', 2013, 24, '', '', 121.0, 100.0, 21.0, 1);
insert into abstract_invoice (payed, payment_due_date, id) values ('f', '2013-11-20', 124);
insert into invoice (id, payment_date_generator, payment_type_name, business, client) values (124, 0, 'default', 1, 3);
insert into accounting_document_item (id, description, price, quantity, tax, total, total_before_tax, total_tax, unit_of_measure, version, accounting_document) values (125, 'description', 100.0, 1.0, 21.0, 121.0, 100.0, 21.0, 'piece', 1, 124);

insert into accounting_document (id, accounting_document_date, accounting_document_year, documentid, note, payment_note, total, total_before_tax, total_tax, version) values (126, '2013-10-20', 2013, 25, '', '', 121.0, 100.0, 21.0, 1);
insert into abstract_invoice (payed, payment_due_date, id) values ('f', '2013-11-20', 126);
insert into invoice (id, payment_date_generator, payment_type_name, business, client) values (126, 0, 'default', 1, 3);
insert into accounting_document_item (id, description, price, quantity, tax, total, total_before_tax, total_tax, unit_of_measure, version, accounting_document) values (127, 'description', 100.0, 1.0, 21.0, 121.0, 100.0, 21.0, 'piece', 1, 126);

--creating one client for second registered business
insert into client (address, city, country, email, fax, mobile, name, phone, postcode, province, ssn, vatid, version, web, business, id, contact_first_name, contact_last_name, contact_email, contact_phone, contact_fax, contact_mobile) values ('via Qualche Strada con Nome Lungo, 12', 'Nervesa della Battaglia', 'IT', '', '', '', 'The mighty company from this Young Entrepreneur', '', '42837', 'PD', '', 'IT04235756211', 1, '', 2, 128, '', '', '', '', '', '');

--creating one invoice for second registered business
insert into accounting_document (id, accounting_document_date, accounting_document_year, documentid, note, payment_note, total, total_before_tax, total_tax, version) values (129, '2013-10-20', 2013, 25, '', '', 121.0, 100.0, 21.0, 1);
insert into abstract_invoice (payed, payment_due_date, id) values ('f', '2013-11-20', 129);
insert into invoice (id, payment_date_generator, payment_type_name, business, client) values (129, 0, 'default', 2, 128);
insert into accounting_document_item (id, description, price, quantity, tax, total, total_before_tax, total_tax, unit_of_measure, version, accounting_document) values (129, 'description', 100.0, 1.0, 21.0, 121.0, 100.0, 21.0, 'piece', 1, 129);

--creating creditnote for first registered business
insert into accounting_document (id, accounting_document_date, accounting_document_year, documentid, note, payment_note, total, total_before_tax, total_tax, version) values (130, '2013-10-20', 2013, 1, '', '', 121.0, 100.0, 21.0, 1);
insert into abstract_invoice (payed, payment_due_date, id) values ('f', '2013-11-20', 130);
insert into credit_note (id, business, client) values (130, 1, 3);
insert into accounting_document_item (id, description, price, quantity, tax, total, total_before_tax, total_tax, unit_of_measure, version, accounting_document) values (131, 'description', 100.0, 1.0, 21.0, 121.0, 100.0, 21.0, 'piece', 1, 130);

--creating creditnote for second registered business
insert into accounting_document (id, accounting_document_date, accounting_document_year, documentid, note, payment_note, total, total_before_tax, total_tax, version) values (132, '2013-10-20', 2013, 1, '', '', 121.0, 100.0, 21.0, 1);
insert into abstract_invoice (payed, payment_due_date, id) values ('f', '2013-11-20', 132);
insert into credit_note (id, business, client) values (132, 2, 128);
insert into accounting_document_item (id, description, price, quantity, tax, total, total_before_tax, total_tax, unit_of_measure, version, accounting_document) values (133, 'description', 100.0, 1.0, 21.0, 121.0, 100.0, 21.0, 'piece', 1, 132);

--creating estimation for first registered business
insert into accounting_document (id, accounting_document_date, accounting_document_year, documentid, note, payment_note, total, total_before_tax, total_tax, version) values (134, '2013-10-20', 2013, 1, '', '', 121.0, 100.0, 21.0, 1);
insert into estimation (limitations, valid_till, id, business, client) values ('', '2013-11-20', 134, 1, 3);
insert into accounting_document_item (id, description, price, quantity, tax, total, total_before_tax, total_tax, unit_of_measure, version, accounting_document) values (135, 'description', 100.0, 1.0, 21.0, 121.0, 100.0, 21.0, 'piece', 1, 134);

--creating estimation for second registered business
insert into accounting_document (id, accounting_document_date, accounting_document_year, documentid, note, payment_note, total, total_before_tax, total_tax, version) values (136, '2013-10-20', 2013, 1, '', '', 121.0, 100.0, 21.0, 1);
insert into estimation (limitations, valid_till, id, business, client) values ('', '2013-11-20', 136, 2, 128);
insert into accounting_document_item (id, description, price, quantity, tax, total, total_before_tax, total_tax, unit_of_measure, version, accounting_document) values (137, 'description', 100.0, 1.0, 21.0, 121.0, 100.0, 21.0, 'piece', 1, 136);

--creating transport document for first registered business
insert into accounting_document (id, accounting_document_date, accounting_document_year, documentid, note, payment_note, total, total_before_tax, total_tax, version) values (138, '2013-10-20', 2013, 1, '', '', 121.0, 100.0, 21.0, 1);
insert into transport_document (from_company_name, from_street, from_city, from_postcode, from_province, from_country, to_company_name, to_street, to_city, to_postcode, to_province, to_country, number_of_packages, trade_zone, transport_start_date, transportation_responsibility, transporter, id, business, client) values ('Novadart S.n.c. di Giordano Battilana & C.', 'via Stradone, 51', 'Campo San Martino', '35010', 'PD', 'IT', 'The mighty company from this Young Entrepreneur', 'via Qualche Strada con Nome Lungo, 12', 'Nervesa della Battaglia', '42837', 'PD', 'IT', 1 , '', '2013-10-20', '', '', 138, 1, 3);
insert into accounting_document_item (id, description, price, quantity, tax, total, total_before_tax, total_tax, unit_of_measure, version, accounting_document) values (139, 'description', 100.0, 1.0, 21.0, 121.0, 100.0, 21.0, 'piece', 1, 138);

--creating transport document for the second registered business
insert into accounting_document (id, accounting_document_date, accounting_document_year, documentid, note, payment_note, total, total_before_tax, total_tax, version) values (140, '2013-10-20', 2013, 1, '', '', 121.0, 100.0, 21.0, 1);
insert into transport_document (from_company_name, from_street, from_city, from_postcode, from_province, from_country, to_company_name, to_street, to_city, to_postcode, to_province, to_country, number_of_packages, trade_zone, transport_start_date, transportation_responsibility, transporter, id, business, client) values ('Novadart S.n.c. di Giordano Battilana & C.', 'via Stradone, 51', 'Campo San Martino', '35010', 'PD', 'IT', 'The mighty company from this Young Entrepreneur', 'via Qualche Strada con Nome Lungo, 12', 'Nervesa della Battaglia', '42837', 'PD', 'IT', 1 , '', '2013-10-20', '', '', 140, 2, 128);
insert into accounting_document_item (id, description, price, quantity, tax, total, total_before_tax, total_tax, unit_of_measure, version, accounting_document) values (141, 'description', 100.0, 1.0, 21.0, 121.0, 100.0, 21.0, 'piece', 1, 140);

--creating payment types
insert into payment_type (id, default_payment_note, name, payment_date_delta, payment_date_generator, version, business) values (142, 'payment note', 'default', 0, 0, 1, 1);
insert into payment_type (id, default_payment_note, name, payment_date_delta, payment_date_generator, version, business) values (143, 'payment note', 'default', 0, 0, 1, 2);

alter sequence hibernate_sequence restart with 144;
